Group,Time,n,mean,sd,se,median
1,Baseline,25,64.84,10.679731582145061,2.1359463164290124,64
1,Six_months,25,52.96,16.331156317501424,3.266231263500285,58
2,Baseline,25,65.6,10.835897132525146,2.167179426505029,65
2,Six_months,25,61.84,9.410455178505803,1.8820910357011607,62
